{
	"credit": "By Ligua using Block Bench",
	"textures": {
		"0": "item/grappling_hook",
		"particle": "item/grappling_hook"
	},
	"overrides": [{
		"predicate": {
			"cast": 1
		},
		"model": "grappling_hook_cast"
	}],
	"elements": [{
			"name": "grappling_hook",
			"from": [7, 7, 5.5],
			"to": [9, 9, 10.5],
			"rotation": {
				"angle": 0,
				"axis": "y",
				"origin": [7, 7, 5.5]
			},
			"faces": {
				"north": {
					"uv": [9, 4, 11, 6],
					"texture": "#0"
				},
				"east": {
					"uv": [4, 0, 9, 2],
					"texture": "#0"
				},
				"south": {
					"uv": [9, 2, 11, 4],
					"texture": "#0"
				},
				"west": {
					"uv": [4, 2, 9, 4],
					"texture": "#0"
				},
				"up": {
					"uv": [4, 4, 9, 6],
					"rotation": 90,
					"texture": "#0"
				},
				"down": {
					"uv": [9, 6, 4, 8],
					"rotation": 90,
					"texture": "#0"
				}
			}
		},
		{
			"name": "grappling_hook",
			"from": [6, 7.5, 7.5],
			"to": [7, 9.5, 9.5],
			"rotation": {
				"angle": 22.5,
				"axis": "x",
				"origin": [6.25, 8.5, 8.5]
			},
			"faces": {
				"north": {
					"uv": [13, 9, 12, 7],
					"texture": "#0"
				},
				"east": {
					"uv": [7, 8, 9, 10],
					"texture": "#0"
				},
				"south": {
					"uv": [9, 8, 11, 9],
					"rotation": 90,
					"texture": "#0"
				},
				"west": {
					"uv": [9, 6, 11, 8],
					"texture": "#0"
				},
				"up": {
					"uv": [12, 9, 11, 7],
					"texture": "#0"
				},
				"down": {
					"uv": [9, 9, 11, 10],
					"rotation": 90,
					"texture": "#0"
				}
			}
		},
		{
			"name": "grappling_hook",
			"from": [5.5, 8, 8.5],
			"to": [6.5, 9, 8.5],
			"rotation": {
				"angle": -22.5,
				"axis": "x",
				"origin": [6.25, 8.5, 8.5]
			},
			"faces": {
				"north": {
					"uv": [15, 1, 16, 2],
					"texture": "#0"
				},
				"south": {
					"uv": [15, 0, 16, 1],
					"texture": "#0"
				}
			}
		},
		{
			"name": "grappling_hook",
			"from": [5.5, 8.5, 8],
			"to": [6.5, 8.5, 9],
			"rotation": {
				"angle": -22.5,
				"axis": "x",
				"origin": [6.25, 8.5, 8.5]
			},
			"faces": {
				"up": {
					"uv": [16, 1, 15, 2],
					"rotation": 180,
					"texture": "#0"
				},
				"down": {
					"uv": [15, 0, 16, 1],
					"texture": "#0"
				}
			}
		},
		{
			"name": "grappling_hook",
			"from": [8, 6, 1.5],
			"to": [8, 7, 8.5],
			"rotation": {
				"angle": 0,
				"axis": "y",
				"origin": [7, 7, 5.5]
			},
			"faces": {
				"east": {
					"uv": [7, 12, 0, 13],
					"texture": "#0"
				},
				"west": {
					"uv": [0, 12, 7, 13],
					"texture": "#0"
				}
			}
		},
		{
			"name": "grappling_hook",
			"from": [7.1, 8.85, 6.1],
			"to": [8.9, 9.65, 8.9],
			"rotation": {
				"angle": 0,
				"axis": "y",
				"origin": [7, 6.75, 6]
			},
			"faces": {
				"north": {
					"uv": [15, 3, 13, 4],
					"texture": "#0"
				},
				"east": {
					"uv": [14, 0, 15, 3],
					"rotation": 90,
					"texture": "#0"
				},
				"south": {
					"uv": [13, 7, 15, 8],
					"texture": "#0"
				},
				"west": {
					"uv": [13, 0, 14, 3],
					"rotation": 90,
					"texture": "#0"
				},
				"up": {
					"uv": [13, 3, 11, 0],
					"texture": "#0"
				}
			}
		},
		{
			"name": "grappling_hook",
			"from": [7.5, 7.75, 9.75],
			"to": [8.5, 8.75, 12.75],
			"rotation": {
				"angle": 0,
				"axis": "y",
				"origin": [6.5, 6.75, 4.75]
			},
			"faces": {
				"east": {
					"uv": [15, 7, 14, 4],
					"rotation": 90,
					"texture": "#0"
				},
				"west": {
					"uv": [13, 7, 12, 4],
					"rotation": 90,
					"texture": "#0"
				},
				"up": {
					"uv": [12, 7, 11, 4],
					"texture": "#0"
				},
				"down": {
					"uv": [14, 7, 13, 4],
					"texture": "#0"
				}
			}
		},
		{
			"name": "grappling_hook",
			"from": [7.5, 7.5, 4.5],
			"to": [8.5, 8.5, 5.5],
			"rotation": {
				"angle": 0,
				"axis": "y",
				"origin": [6.5, 6.5, -2.5]
			},
			"faces": {
				"east": {
					"uv": [2, 11, 1, 10],
					"texture": "#0"
				},
				"west": {
					"uv": [2, 12, 1, 11],
					"texture": "#0"
				},
				"up": {
					"uv": [1, 11, 0, 10],
					"texture": "#0"
				},
				"down": {
					"uv": [1, 12, 0, 11],
					"texture": "#0"
				}
			}
		},
		{
			"name": "grappling_hook",
			"from": [8.3125, 6.1875, -0.5],
			"to": [8.3125, 10.1875, 3.5],
			"rotation": {
				"angle": 45,
				"axis": "z",
				"origin": [8.3125, 7.6875, 1.5]
			},
			"faces": {
				"north": {
					"uv": [0, 0, 0, 3],
					"texture": "#0"
				},
				"east": {
					"uv": [0, 0, 4, 4.5],
					"texture": "#0"
				},
				"south": {
					"uv": [0, 0, 0, 3],
					"texture": "#0"
				},
				"west": {
					"uv": [4, 0, 0, 4.5],
					"texture": "#0"
				},
				"up": {
					"uv": [0, 4, 0, 0],
					"texture": "#0"
				},
				"down": {
					"uv": [0, 0, 0, 4],
					"texture": "#0"
				}
			}
		},
		{
			"name": "grappling_hook",
			"from": [5.95895, 8.04105, -0.5],
			"to": [9.95895, 8.04105, 3.5],
			"rotation": {
				"angle": 45,
				"axis": "z",
				"origin": [7.95895, 8.04105, 1.5]
			},
			"faces": {
				"north": {
					"uv": [0, 0, 0, 3],
					"rotation": 90,
					"texture": "#0"
				},
				"east": {
					"uv": [0, 0, 0, 4],
					"rotation": 270,
					"texture": "#0"
				},
				"south": {
					"uv": [0, 0, 0, 3],
					"rotation": 270,
					"texture": "#0"
				},
				"west": {
					"uv": [0, 4, 0, 0],
					"rotation": 270,
					"texture": "#0"
				},
				"up": {
					"uv": [0, 0, 4, 4.5],
					"rotation": 270,
					"texture": "#0"
				},
				"down": {
					"uv": [4, 0, 0, 4.5],
					"rotation": 270,
					"texture": "#0"
				}
			}
		},
		{
			"name": "grappling_hook",
			"from": [7.5, 7.75, 13.5],
			"to": [8.5, 10.75, 14.5],
			"rotation": {
				"angle": -45,
				"axis": "x",
				"origin": [6.5, 2.75, 15.5]
			},
			"faces": {
				"north": {
					"uv": [10, 10, 11, 13],
					"texture": "#0"
				},
				"east": {
					"uv": [9, 10, 10, 13],
					"texture": "#0"
				},
				"south": {
					"uv": [8, 10, 9, 13],
					"texture": "#0"
				},
				"west": {
					"uv": [7, 10, 8, 13],
					"texture": "#0"
				},
				"down": {
					"uv": [12, 9, 11, 10],
					"texture": "#0"
				}
			}
		},
		{
			"name": "grappling_hook",
			"from": [7, 7, 3.5],
			"to": [9, 9, 4.5],
			"rotation": {
				"angle": 0,
				"axis": "y",
				"origin": [7, 7, 5.5]
			},
			"faces": {
				"north": {
					"uv": [0, 6, 2, 8],
					"texture": "#0"
				},
				"east": {
					"uv": [2, 10, 0, 9],
					"rotation": 90,
					"texture": "#0"
				},
				"south": {
					"uv": [2, 6, 4, 8],
					"texture": "#0"
				},
				"west": {
					"uv": [2, 9, 4, 8],
					"rotation": 90,
					"texture": "#0"
				},
				"up": {
					"uv": [2, 9, 0, 8],
					"texture": "#0"
				},
				"down": {
					"uv": [4, 10, 2, 9],
					"texture": "#0"
				}
			}
		},
		{
			"name": "grappling_hook",
			"from": [7, 7, 12],
			"to": [9, 9, 13],
			"rotation": {
				"angle": 22.5,
				"axis": "x",
				"origin": [8, 8, 12.5]
			},
			"faces": {
				"north": {
					"uv": [2, 10, 4, 12],
					"texture": "#0"
				},
				"east": {
					"uv": [4, 8, 5, 10],
					"texture": "#0"
				},
				"south": {
					"uv": [5, 10, 7, 12],
					"texture": "#0"
				},
				"west": {
					"uv": [4, 10, 5, 12],
					"texture": "#0"
				},
				"up": {
					"uv": [6, 10, 5, 8],
					"rotation": 90,
					"texture": "#0"
				},
				"down": {
					"uv": [6, 8, 7, 10],
					"rotation": 90,
					"texture": "#0"
				}
			}
		},
		{
			"name": "grappling_hook",
			"from": [8.9, 9.65, 8.9],
			"to": [7.1, 8.85, 6.1],
			"rotation": {
				"angle": 0,
				"axis": "y",
				"origin": [-7, -6.75, -6]
			},
			"faces": {
				"north": {
					"uv": [13, 8, 15, 7],
					"texture": "#0"
				},
				"east": {
					"uv": [14, 0, 13, 3],
					"rotation": 90,
					"texture": "#0"
				},
				"south": {
					"uv": [15, 4, 13, 3],
					"texture": "#0"
				},
				"west": {
					"uv": [15, 0, 14, 3],
					"rotation": 90,
					"texture": "#0"
				},
				"down": {
					"uv": [11, 3, 13, 0],
					"texture": "#0"
				}
			}
		}
	],
	"gui_light": "front",
	"display": {
		"thirdperson_righthand": {
			"translation": [0, 1.5, 0.75],
			"scale": [1.6, 1.6, 1.6]
		},
		"thirdperson_lefthand": {
			"translation": [0, 1.5, 0.75],
			"scale": [1.6, 1.6, 1.6]
		},
		"firstperson_righthand": {
			"rotation": [0, 0, -13.25],
			"scale": [1.6, 1.6, 1.6]
		},
		"firstperson_lefthand": {
			"rotation": [0, 0, -13.25],
			"scale": [1.6, 1.6, 1.6]
		},
		"gui": {
			"rotation": [90, 45, -90],
			"translation": [2.25, -1.5, 0],
			"scale": [1.6, 1.6, 1.6]
		},
		"fixed": {
			"rotation": [90, 45, -90],
			"translation": [2.25, -1.5, 0],
			"scale": [1.6, 1.6, 1.6]
		}
	}
}